Iron Man,The Incredible Hulk,Iron Man 2,Thor,Captain America: The First Avenger,The Avengers,Iron Man 3,Thor: The Dark World,Captain America: The Winter Soldier,Guardians of the Galaxy,Avengers: Age of Ultron,Ant-Man,Captain America: Civil War,Doctor Strange,Guardians of the Galaxy Vol. 2,Spider-Man: Homecoming,Thor: Ragnarok,Black Panther,Avengers: Infinity War,Ant-Man and the Wasp,Captain Marvel,Avengers: End Game,Spider-Man: Far From Home,Black Widow,Shang-Chi and the Legend of the Ten Rings,Eternals,Spider-Man: No Way Home,character_name,gender,race
77:15:00,:30,61:15:00,,,31:45:00,62:15:00,,,,27:15:00,,37:15:00,,,8:00,,,17:00,,,34:45:00,:30,,,,,Iron Man,Male,Caucasian
23:15,,17:30,,,4:30,18:00,,,,,,,,,:45,,,1:30,,,4:15,,,,,,Pepper Potts,Female,Caucasian
22:00,,,,,,,,,,,,,,,,,,,,,,x:00,,,,,Iron Monger,Male,Caucasian
10:45,,,,,,:15,,,,,,,,,,,,,,,,,,,,,Professor Ho Yinsen,Male,Middle Eastern
8:15,,18:45,,,,,,,,,,,,,,,,,,,,,,,,,"Lt. Col. James ""Rhodey"" Rhodes",Male,Black
6:00,,,,,,,,,,,,,,,,,,,,,,,,,,,Raza,Male,Middle Eastern
3:45,,2:00,4:00,,9:00,,,,,,,,,,,,,,,2:45,,,,,,,Agent Phil Coulson,Male,Caucasian
3:45,,1:30,,,,,,,,,,,,,,,,,,,,,,,,,Christine Everhart,Female,Caucasian
1:45,,,,,,,,,,,,,,,,,,,,,,,,,,,Abu Bakaar,Male,Middle Eastern
1:15,,,,,,,,,,,,,,,6:00,,,,,,:45,7:30,,,,3:45,"Harold ""Happy"" Hogan",Male,Caucasian
:45,,,,,,,,,,,,,,,,,,,,,,2:00,,,,,William Ginter Riva,Male,Caucasian
:15,,5:30,:45,:30,18:15,,,15:30,,,,,,,,,,,,,,,,,,,Director Nick Fury,Male,Black
,51:45:00,,,,21:45,:45,,,,20:00,,,,,,17:15,,9:30,,:15,20:00,,,:30,,,The Hulk,Male,Caucasian
,27:00:00,,,,,,,,,,,,,,,,,,,,,,,,,,Dr. Betty Ross,Female,Caucasian
,18:30,,,,,,,,,,,,,,,,,,,,,,,:30,,,The Abomination,Male,Caucasian
,15:00,,,,,,,,,,,,,,,,,,,,,,,,,,General Thaddeus Ross,Male,Caucasian
,7:30,,,,,,,,,,,,,,,,,,,,,,,,,,Samuel Sterns,Male,Caucasian
,2:15,,,,,,,,,,,,,,,,,,,,,,,,,,Dr. Leonard Samson,Male,Caucasian
,2:15,,,,,,,,,,,,,,,,,,,,,,,,,,Maj. Kathleen Sparr,Female,Caucasian
,:15,,,,,,,,,,,,,,2:00,,,,,,,6:00,,,,:30,Roger Harrington,Male,Caucasian
,,20:45,,,,,,,,,,,,,,,,,,,,,,,,,Whiplash,Male,Caucasian
,,16:30,,,,,,,,,,,,,,,,,,,,,,,,,Justin Hammer,Male,Caucasian
,,9:15,,,24:45:00,,,24:45:00,,18:00,,12:00,,,,:15,,5:00,,:30,16:00,,65:30:00,,,,Black Widow,Female,Caucasian
,,4:15,,,,6:15,,,,,,,,,,,,,,,,,,,,,Happy Hogan,Male,Caucasian
,,2:15,,,,,,:30,,,,,,,,,,,,,,,,,,,Senator Stern,Male,Caucasian
,,2:00,,4:00,,,,,,,1:00,1:45,,,,,,,,,3:00,,,,,,Howard Stark,Male,Caucasian
,,1:15,,,,,,,,,,,,,,,,,,,,,,,,,Anton Vanko,Male,Caucasian
,,x:00,,,,,,,,,,8:30,,,76:15:00,,,7:15,,,3:00,67:30:00,,,,83:45:00,Peter Parker,Male,Caucasian
,,,43:15:00,,18:00,,35:00:00,,,13:15,,,:45,,,58:45:00,,15:15,,,21:15,,,,,,Thor,Male,Alien
,,,21:15,,21:30,,17:30,,,,,,,,,13:30,,3:45,,,1:00,,,,,,Loki,Male,Caucasian
,,,21:00,,,,25:00:00,,,,,,,,,,,,,,:15,,,,,,Dr. Jane Foster,Female,Caucasian
,,,13:45,,3:00,,6:30,,,1:00,,,,,,,,,,,,,,,,,Dr. Erik Selvig,Male,Caucasian
,,,11:15,,,,9:00,,,,,,,,,3:45,,,,,,,,,,,Odin,Male,Caucasian
,,,8:30,,,,8:45,,,,,,,,,,,,,,,,,,,,Darcy Lewis,Female,Caucasian
,,,8:15,,,,3:15,,,,,,,,,,,,,,,,,,,,Sif,Female,Caucasian
,,,7:00,,,,2:45,,,,,,,,,:15,,,,,,,,,,,Volstagg,Male,Caucasian
,,,7:00,,,,2:00,,,,,,,,,:15,,,,,,,,,,,Fandral,Male,Caucasian
,,,6:30,,,,1:00,,,,,,,,,1:00,,,,,,,,,,,Hogun,Male,Asian
,,,4:15,,,,4:15,,,:30,,,,,,4:30,,:45,,,,,,,,,Heimdall,Male,Black
,,,3:30,,,,,,,,,,,,,,,,,,,,,,,,Laufey,Female,Frost Giant
,,,2:00,,,,4:00,,,,,,,,,,,,,,2:45,,,,,,Frigga,Female,Caucasian
,,,1:00,,:30,,,4:00,,,,,,,,,,,,,1:00,,,,,,Agent Jasper Sitwell,Male,Caucasian
,,,:30,,12:45,,,,,15:00,,4:15,,,,,,,,,18:00,,,,,,Hawkeye,Male,Caucasian
,,,,56:30:00,28:15:00,,,59:00:00,,21:45,:15,38:15:00,,,1:00,,,7:15,,:30,30:45:00,,,,,,Captain America,Male,Caucasian
,,,,17:15,,,,,,,,,,,,,,,,,,,,,,,Agent Peggy Carter,Female,Caucasian
,,,,15:30,,,,,,,,,,,,,,,,,,,,,,,Red Skull,Male,Caucasian
,,,,9:15,,,,,,,,,,,,,,,,,,,,,,,Col. Chester Phillips,Male,Caucasian
,,,,8:30,,,,,,,,,,,,,,,,,,,,,,,Dr. Abraham Erskine,Male,Caucasian
,,,,8:15,,,,2:15,,,,,,,,,,,,,,,,,,,Dr. Arnim Zola,Male,Caucasian
,,,,8:00,,,,,,,,,,,,,,,,,,,,,,,"Sgt. James ""Bucky"" Barnes",Male,Caucasian
,,,,2:15,,,,,,,,,,,,,,,,,,,,,,,Heinz Kruger,Male,Caucasian
,,,,1:45,,,,,,,,,,,,,,,,,,,,,,,"Sgt. Timothy ""Dum Dum"" Dugan",Male,Caucasian
,,,,1:45,,,,,,,,,,,,,,,,,,,,,,,Pvt. Gabe Jones,Male,Black
,,,,1:30,,,,,,,,,,,,,,,,,,,,,,,Pvt. Jim Morita,Male,Asian
,,,,1:30,,,,,,,,,,,,,,,,,,,,,,,Pvt. James Montgomery Fallsworth,Male,Caucasian
,,,,1:30,,,,,,,,,,,,,,,,,,,,,,,Pvt. Jacques Dernier,Male,Caucasian
,,,,,5:30,,,3:15,,,,,,,,,,,,,,,,,,,Agent Maria Hill,Female,Caucasian
,,,,,2:30,,,,:45,,,,,,,,,,,,,,,,,,The Other,Male,Alien
,,,,,1:45,,,,,,,,,,,,,,,,,,,,,,Gen. Georgi Luchkov,Male,Caucasian
,,,,,1:00,,,,,,,,,,,,,,,,,,,,,,Councilwoman Malick,Female,Middle Eastern
,,,,,1:00,,,:15,,,,,,,,,,,,,,,,,,,Councilwoman Hawley,Female,Caucasian
,,,,,:15,,,,1:00,:15,,,,,,,,31:00:00,,,12:15,,,,,,Thanos,Male,Alien
,,,,,,12:00,,,,,,,,,,,,,,,,,,,,,Aldrich Killian,Male,Caucasian
,,,,,,9:45,,,,2:30,,7:15,,,,,,2:45,,:15,,,,,,,Iron Patriot,Male,Caucasian
,,,,,,8:45,,,,,,,,,,,,,,,,,,,,,Dr. Maya Hansen,Female,Caucasian
,,,,,,7:30,,,,,,,,,,,,,,,,,,6:15,,,"""The Mandarin""",Male,Asian
,,,,,,6:15,,,,,,,,,,,,,,,:15,,,,,,Harley Keener,Male,Caucasian
,,,,,,6:00,,,,,,,,,,,,,,,,,,,,,Eric Savin,Male,Caucasian
,,,,,,3:00,,,,,,,,,,,,,,,,,,,,,Ellen Brandt,Female,Caucasian
,,,,,,2:00,,,,,,,,,,,,,,,,,,,,,President Matthew Ellis,Male,Caucasian
,,,,,,1:00,,,,,,,,,,,,,,,,,,,,,Vice-President Rodriguez,Male,Hispanic
,,,,,,,,,,,,,,,,,,,,,,,,,1:00,,Ben,Male,Caucasian
,,,,,,,,1:15,,:30,,,,,,,,,,,,,,,,,Dr. List,Male,Caucasian
,,,,,,,8:45,,,,,,,,,,,,,,,,,,,,Malekith,Male,Dark Elf
,,,,,,,6:15,,,,,,,,,,,,,,,,,,,,Algrim,Male,Alien
,,,,,,,6:00,,,,,,,,,,,,,,,,,,,,Ian Boothby,Male,Caucasian
,,,,,,,2:45,,,,,,,,,,,,,,,,,,,,Richard,Male,Caucasian
,,,,,,,1:15,,2:30,,,,,,,,,,,,,,,,,,The Collector,Male,Alien
,,,,,,,1:00,,1:30,,,,,,,,,,,,,,,,,,Carina,Female,Alien
,,,,,,,,14:15,,:45,2:45,10:15,,,,,,2:45,,,4:30,,,,,,Falcon,Male,Black
,,,,,,,,13:15,,,:15,22:00,,,,,:45,2:00,,,2:15,,,,,,Winter Soldier,Male,Caucasian
,,,,,,,,12:45,,,,,,,,,,,,,:45,,,,,,Alexander Pierce,Male,Caucasian
,,,,,,,,6:15,,,,2:15,,,,,,,,,,,,,,,Brock Rumlow,Male,Caucasian
,,,,,,,,2:30,,,,,,,,,,,,,,,,,,,Agent Sharon Carter,Female,Caucasian
,,,,,,,,2:15,,:15,:45,,,,,,,,,,1:00,,,,,,Peggy Carter,Female,Caucasian
,,,,,,,,2:00,,,,,,,,,,,,,,,,,,,Jack Rollins,Male,Caucasian
,,,,,,,,1:45,,,,,,,,,,,,,,,,,,,Georges Batroc,Male,Caucasian
,,,,,,,,1:15,,1:30,,,,,,,,,,,,,,,,,Baron Wolfgang von Strucker,Male,Caucasian
,,,,,,,,1:00,,,,,,,,,,,,,,,,,,,Councilman Singh,Male,Asian
,,,,,,,,1:00,,,,,,,,,,,,,,,,,,,Councilman Rockwell,Male,Caucasian
,,,,,,,,1:00,,,,,,,,,,,,,,,,,,,Councilman Yen,Male,Asian
,,,,,,,,1:00,,:30,,,,,,,,,,,,,,,,,Cameron Klein,Male,Caucasian
,,,,,,,,:15,,12:00,,10:45,,,,,,9:00,,,2:15,,,,,,Wanda Maximoff,Female,Caucasian
,,,,,,,,:15,,10:00,,,,,,,,,,,,,,,,,Pietro Maximoff,Male,Caucasian
,,,,,,,,,46:45:00,,,,,35:45:00,,,,10:15,,,3:00,,,,,,Star-Lord,Male,Caucasian
,,,,,,,,,31:00:00,,,,,24:00:00,,,,20:00,,,4:45,,,,,,Gamora,Female,Alien
,,,,,,,,,19:30,,,,,19:45,,,,6:15,,,8:15,,,,,,Rocket,Male,Alien
,,,,,,,,,18:00,,,,,16:30,,,,5:45,,,1:00,,,,,,Drax,Male,Alien
,,,,,,,,,14:45,,,,,,,,,,,,,,,,,,Groot,Male,Alien
,,,,,,,,,7:45,,,,,,,,,,,1:30,,,,,,,Ronan,Male,Alien
,,,,,,,,,6:00,,,,,16:15,,,,,,,,,,,,,Yondu Udonta,Male,Alien
,,,,,,,,,4:30,,,,,10:30,,,,3:15,,,16:00,,,,,,Nebula,Female,Alien
,,,,,,,,,3:00,,,,,,,,,,,,,,,,,,Rhomann Dey,Male,Caucasian
,,,,,,,,,2:30,,,,,,,,,,,,,,,,,,Nova Prime Irani Rael,Female,Middle Eastern
,,,,,,,,,2:15,,,,,,,,,,,3:15,,,,,,,Korath,Male,Black
,,,,,,,,,1:45,,,,,4:45,,,,,,,,,,,,,Kraglin Obfonteri,Male,Alien
,,,,,,,,,1:30,,,,,1:30,,,,,,,,,,,,,Meredith Quill,Female,Caucasian
,,,,,,,,,:45,,,,,14:00,,,,4:00,,,1:00,,,,,,Groot II,Male,Alien
,,,,,,,,,:45,,,,,,,,,,,,,,,,,,Denaarian Saal,Male,Alien
,,,,,,,,,,,,,,,,,,,,,:15,,,,,,Edwin Jarvis,Male,Caucasian
,,,,,,,,,,,,,,,,,,,,,,,,,,1:00,Daredevil,Male,Caucasian
,,,,,,,,,,17:00,,,,,,,,,,,,,,,,,Ultron,Male,Alien
,,,,,,,,,,6:15,,7:15,,,,,,10:00,,,,,,,,,Vision,Male,Alien
,,,,,,,,,,3:45,,,,,,,,,,,:45,,,,,,Laura Barton,Female,Caucasian
,,,,,,,,,,3:15,,,,,,,,,,,,,,,,,Dr. Helen Cho,Female,Asian
,,,,,,,,,,3:00,,,,,,,,:45,,,:15,,,,,,Maria Hill,Female,Caucasian
,,,,,,,,,,3:00,,,,,,,,1:00,,,:15,:30,,,,,Nick Fury,Male,Black
,,,,,,,,,,2:45,,,,,,,7:15,,,,,,,,,,Ulysses KlauÃ«,Male,Black
,,,,,,,,,,,50:30:00,5:30,,,,,,,42:30:00,,13:15,,,,,,Scott Lang,Male,Caucasian
,,,,,,,,,,,14:30,,,,,,,,,,,,,,,,Darren Cross,Male,Caucasian
,,,,,,,,,,,,2:45,,,,,,1:00,,,:15,,,,,,Secretary Thaddeus Ross,Male,Caucasian
,,,,,,,,,,,24:45:00,,,,,,,,23:45,,:30,,,,,,Dr. Hank Pym,Male,Caucasian
,,,,,,,,,,,15:45,,,,,,,,35:00:00,,1:15,,,,,,Hope van Dyne,Female,Caucasian
,,,,,,,,,,,7:00,,,,,,,,8:30,,,,,,,,Luis,Male,Hispanic
,,,,,,,,,,,4:30,,,,,,,,7:00,,1:00,,,,,,Cassie Lang,Female,Caucasian
,,,,,,,,,,,4:30,,,,,,,,1:30,,,,,,,,Officer Jim Paxton,Male,Caucasian
,,,,,,,,,,,2:45,,,,,,,,2:15,,,,,,,,Dave,Male,Black
,,,,,,,,,,,2:45,,,,,,,,2:15,,,,,,,,Kurt,Male,Caucasian
,,,,,,,,,,,2:15,,,,,,,,1:45,,,,,,,,Maggie Lang,Female,Caucasian
,,,,,,,,,,,2:15,,,,,,,,,,,,,,,,Mitchell Carson,Male,Caucasian
,,,,,,,,,,,1:00,,,,,,,,,,,,,,,,Gale,Male,Caucasian
,,,,,,,,,,,:30,,,,,,,,9:15,,:15,,,,,,Janet van Dyne,Female,Caucasian
,,,,,,,,,,,,11:30,,,,,,,,,,,,,,,Black Panther,Male,Black
,,,,,,,,,,,,10:30,,,,,,,,,,,,,,,Helmut Zemo,Male,Caucasian
,,,,,,,,,,,,5:00,,,,,,,,,,,,,,,Sharon Carter,Female,Caucasian
,,,,,,,,,,,,2:15,,,,,,,,,,,,,,,Maria Stark,Female,Caucasian
,,,,,,,,,,,,1:30,,,,,5:00,,,,,,,,,,King T'Chaka,Male.,Black
,,,,,,,,,,,,1:15,,,,,,,,,,,,,,,Everett Ross,Male,Caucasian
,,,,,,,,,,,,1:00,,,4:00,,,,,,:15,3:30,,,,9:30,May Parker,Female,Caucasian
,,,,,,,,,,,,:30,,,,,2:15,:15,,,,,,,,,Ayo,Female,Black
,,,,,,,,,,,,,73:30:00,,,3:00,,11:15,,,1:15,,,,,12:30,Doctor Strange,Male,Caucasian
,,,,,,,,,,,,,17:45,,,,,,,,,,,,,,Karl Mordo,Male,Black
,,,,,,,,,,,,,17:15,,,,,,,,3:30,,,,,,The Ancient One,Female,Asian
,,,,,,,,,,,,,12:45,,,,,,,,,,,,,,Kaecilius,Male,Caucasian
,,,,,,,,,,,,,12:45,,,,,,,,,,,,,,Dr. Christine Palmer,Female,Caucasian
,,,,,,,,,,,,,7:00,,,,,3:30,,,:45,,,2:00,,:45,Wong,Male,Asian
,,,,,,,,,,,,,3:45,,,,,,,,,,,,,,Lucian,Male,Black
,,,,,,,,,,,,,2:45,,,,,,,,,,,,,,Jonathan Pangborn,Male,Caucasian
,,,,,,,,,,,,,2:00,,,,,,,,,,,,,,Dormammu,Male,Alien
,,,,,,,,,,,,,1:30,,,,,,,,,,,,,,Dr. Nicodemus West,Male,Caucasian
,,,,,,,,,,,,,,17:00,,,,,,,,,,,,,Ego,Male,Alien
,,,,,,,,,,,,,,11:00,,,,5:45,,,:45,,,,,,Mantis,Female,Asian
,,,,,,,,,,,,,,4:15,,,,,,,,,,,,,Taserface,Male,Alien
,,,,,,,,,,,,,,3:30,,,,,,,,,,,,,Ayesha,Female,Alien
,,,,,,,,,,,,,,1:30,,,,,,,,,,,,,Stakar Ogord,Male,Alien
,,,,,,,,,,,,,,1:00,,,,,,,,,,,,,Martinex T'Naga,Male,Alien
,,,,,,,,,,,,,,:15,,,,,,,,,,,,,Aleta Ogord,Female.,Alien
,,,,,,,,,,,,,,:15,,,,,,,,,,,,,Charlie-27,Male,Alien
,,,,,,,,,,,,,,x:00,,,,,,,,,,,,,Mainframe,Male,Caucasian
,,,,,,,,,,,,,,x:00,,,,,,,,,,,,,Krugarr,Male,Alien
,,,,,,,,,,,,,,,19:00,,,,,,,,,,,,Vulture,Male,Caucasian
,,,,,,,,,,,,,,,13:45,,,:15,,,:15,14:30,,,,18:30,Ned Leeds,Male,Caucasian
,,,,,,,,,,,,,,,9:45,,,,,,,,,,,,Liz Toomes,Female,Caucasian
,,,,,,,,,,,,,,,4:30,,,,,,,,,,,,The Shocker,Male,Black
,,,,,,,,,,,,,,,3:45,,,,,,,,,,,,Tinkerer,Male,Caucasian
,,,,,,,,,,,,,,,2:45,,,,,,,19:30,,,,,Michelle Jones,Female,Black
,,,,,,,,,,,,,,,2:30,,,,,,,,,,,,Aaron Davis,Male,Black
,,,,,,,,,,,,,,,2:30,,,,,,,,,,,,The Shocker,Male,Black
,,,,,,,,,,,,,,,2:15,,,,,,,5:45,,,,:45,Flash Thompson,Male,Caucasian
,,,,,,,,,,,,,,,1:15,,,,,,,,,,,,Mac Gargan,Male,Hispanic
,,,,,,,,,,,,,,,1:15,,,,,,,9:15,,,,:15,Betty Brant,Female,Caucasian
,,,,,,,,,,,,,,,1:00,,,,,,,,,,,,Ann Marie Hoag,Female,Caucasian
,,,,,,,,,,,,,,,1:00,,,,,,,:45,,,,,Jason Ionello,Male,Hispanic
,,,,,,,,,,,,,,,,14:15,,,,,2:15,,,,,,Valkyrie,Female,Black
,,,,,,,,,,,,,,,,12:30,,,,,,,,,,,Hela,Female,Caucasian
,,,,,,,,,,,,,,,,6:45,,,,,,,,,,,Skurge,Male,Caucasian
,,,,,,,,,,,,,,,,5:30,,,,,,,,,,,The Grandmaster,Male,Asian
,,,,,,,,,,,,,,,,4:00,,,,,1:00,,,,,,Korg,Male,Alien
,,,,,,,,,,,,,,,,3:00,,,,,,,,,,,Surtur,Male,Alien
,,,,,,,,,,,,,,,,2:00,,,,,,,,,,,Topaz,Female,Alien
,,,,,,,,,,,,,,,,1:45,,,,,,,,,,,Fenriswolf,Male,Alien
,,,,,,,,,,,,,,,,1:30,,,,,:30,,,,,,Miek,Male,Alien
,,,,,,,,,,,,,,,,,48:00:00,3:30,,,1:45,,,,,,Black Panther,Male,Black
,,,,,,,,,,,,,,,,,22:15,,,,,,,,,,"Erik ""Killmonger"" Stevens",Male,Black
,,,,,,,,,,,,,,,,,16:45,,,,,,,,,,Nakia,Female,Black
,,,,,,,,,,,,,,,,,14:30,:45,,,1:15,,,,,,Princess Shuri,Female,Black
,,,,,,,,,,,,,,,,,12:45,2:45,,,1:45,,,,,,Okoye,Female,Black
,,,,,,,,,,,,,,,,,12:00,,,,,,,,,,Agent Everett Ross,Male,Caucasian
,,,,,,,,,,,,,,,,,8:15,,,,,,,,,,Zuri,Female,Black
,,,,,,,,,,,,,,,,,7:15,,,,,,,,,,W'Kabi,Male,Black
,,,,,,,,,,,,,,,,,6:45,,,,,,,,,,Ramonda,Female,Black
,,,,,,,,,,,,,,,,,5:45,1:00,,,:15,,,,,,M'Baku,Male,Black
,,,,,,,,,,,,,,,,,4:15,,,,,,,,,,N'Jobu,Male,Black
,,,,,,,,,,,,,,,,,1:00,,,,,,,,,,Xoliswa,Female,Black
,,,,,,,,,,,,,,,,,,4:30,,,1:00,,,,,,Ebony Maw,Male,Alien
,,,,,,,,,,,,,,,,,,4:00,,,:30,,,,,,Proxima Midnight,Female,Black
,,,,,,,,,,,,,,,,,,3:30,,,:30,,,,,,Cull Obsidian,Male,Alien
,,,,,,,,,,,,,,,,,,3:15,,,:30,,,,,,Corvus Glaive,Male,Alien
,,,,,,,,,,,,,,,,,,2:45,,,,,,,,,Eitri,Male,Dwarf
,,,,,,,,,,,,,,,,,,1:45,,,1:00,,,,,,The Stonekeeper,Female,Alien
,,,,,,,,,,,,,,,,,,:45,,,,,,,,,The Collector,Male,Alien
,,,,,,,,,,,,,,,,,,x:00,,,,,,,,,Cindy Moon,Female,Asian
,,,,,,,,,,,,,,,,,,x:00,,,,,,,,,Sally Avril,Female,Caucasian
,,,,,,,,,,,,,,,,,,,12:45,,,,,,,,Ghost,Male,Caucasian
,,,,,,,,,,,,,,,,,,,8:30,,,,,,,,Dr. Bill Foster,Male,Black
,,,,,,,,,,,,,,,,,,,7:00,,,,,,,,Sonny Burch,Male,Caucasian
,,,,,,,,,,,,,,,,,,,5:30,,,,,,,,Agent James Woo,Male,Asian
,,,,,,,,,,,,,,,,,,,3:00,,,,,,,,Uzman,Male,Middle Eastern
,,,,,,,,,,,,,,,,,,,1:45,,,,,,,,Anitolov,Male,Caucasian
,,,,,,,,,,,,,,,,,,,:30,,,,,,,,Elihas Starr,Male,Hispanic
,,,,,,,,,,,,,,,,,,,,65:00:00,6:00,,,:15,,,Vers,Female,Alien
,,,,,,,,,,,,,,,,,,,,22:30,,,,,,,Agent Nick Fury,Male,Black
,,,,,,,,,,,,,,,,,,,,13:45,,8:45,,,,,Talos,Male,Alien
,,,,,,,,,,,,,,,,,,,,11:45,,,,,,,Yon-Rogg,Male,Kree-Alien
,,,,,,,,,,,,,,,,,,,,11:00,,,,,,,Maria Rambeau,Female,Black
,,,,,,,,,,,,,,,,,,,,4:45,,,,,,,Monica Rambeau,Female,Black
,,,,,,,,,,,,,,,,,,,,4:45,,,,,,,Goose,Male,Alien
,,,,,,,,,,,,,,,,,,,,3:30,,,,,,,Dr. Wendy Lawson,Female,Caucasian
,,,,,,,,,,,,,,,,,,,,3:30,,,,,,,Kree Supreme Intelligence,Male,Alien
,,,,,,,,,,,,,,,,,,,,3:30,,,,,,,Minn-Erva,Female,Asian
,,,,,,,,,,,,,,,,,,,,2:30,,,,,,,Att-Lass,Male,Alien
,,,,,,,,,,,,,,,,,,,,2:15,,,,,,,Bron-Char,Male,Alien
,,,,,,,,,,,,,,,,,,,,2:00,,3:30,,,,,Soren,Male,Alien
,,,,,,,,,,,,,,,,,,,,,9:15,,,,,,War Machine,Male,Black
,,,,,,,,,,,,,,,,,,,,,3:15,,,,,,Morgan Stark,Male,Caucasian
,,,,,,,,,,,,,,,,,,,,,1:30,,,,,,Lila Barton,Female,Caucasian
,,,,,,,,,,,,,,,,,,,,,1:15,,,,,,Akihiko,Male,Asian
,,,,,,,,,,,,,,,,,,,,,:45,,,,,,Agent Brock Rumlow,Male,Caucasian
,,,,,,,,,,,,,,,,,,,,,:45,,,,,,Cooper Barton,Male,Caucasian
,,,,,,,,,,,,,,,,,,,,,:45,,,,,,Nathaniel Barton,Male,Caucasian
,,,,,,,,,,,,,,,,,,,,,:15,,,,,,Queen Ramonda,Female,Black
,,,,,,,,,,,,,,,,,,,,,,21:15,,,,,Mysterio,Male,Caucasian
,,,,,,,,,,,,,,,,,,,,,,5:45,,,,,Brad Davis,Male,Caucasian
,,,,,,,,,,,,,,,,,,,,,,4:15,,,,:30,Julius Dell,Male,Black
,,,,,,,,,,,,,,,,,,,,,,3:30,,,,,Josh,Male,Caucasian
,,,,,,,,,,,,,,,,,,,,,,3:15,,,,,Zoha,Female,Middle Eastern
,,,,,,,,,,,,,,,,,,,,,,3:00,,,,,Zach,Male,Caucasian
,,,,,,,,,,,,,,,,,,,,,,3:00,,,,,Tyler,Male,Black
,,,,,,,,,,,,,,,,,,,,,,2:45,,,,,Sebastian,Male,Caucasian
,,,,,,,,,,,,,,,,,,,,,,2:45,,,,,Yasmin,Female,Middle Eastern
,,,,,,,,,,,,,,,,,,,,,,1:30,,,,,Dimitri,Male,Hispanic
,,,,,,,,,,,,,,,,,,,,,,:15,,,,1:45,J. Jonah Jameson,Male,Caucasian
,,,,,,,,,,,,,,,,,,,,,,,:45,,,,Thaddeus Ross,Male,Caucasian
,,,,,,,,,,,,,,,,,,,,,,,,63:00:00,,,Xu Shang-Chi,Male,Asian
,,,,,,,,,,,,,,,,,,,,,,,,31:15:00,,,Katy Chen,Female,Asian
,,,,,,,,,,,,,,,,,,,,,,,,3:30,,,Soo,Female,Asian
,,,,,,,,,,,,,,,,,,,,,,,,27:00:00,,,Xu Wenwu,Male,Asian
,,,,,,,,,,,,,,,,,,,,,,,41:00:00,,,,Yelena Belova,Female,Caucasian
,,,,,,,,,,,,,,,,,,,,,,,24:15:00,,,,Alexei Shostakov,Male,Caucasian
,,,,,,,,,,,,,,,,,,,,,,,20:45,,,,Melina Vostkoff,Female,Caucasian
,,,,,,,,,,,,,,,,,,,,,,,10:15,,,,General Viktor Dreykov,Male,Caucasian
,,,,,,,,,,,,,,,,,,,,,,,9:30,,,,Taskmaster,Male,Caucasian
,,,,,,,,,,,,,,,,,,,,,,,3:45,,,,Rick Mason,Male,Caucasian
,,,,,,,,,,,,,,,,,,,,,,,1:30,,,,Lerato,Female,Black
,,,,,,,,,,,,,,,,,,,,,,,1:30,,,,Ingrid,Female,Caucasian
,,,,,,,,,,,,,,,,,,,,,,,1:15,,,,Oksana,Female,Caucasian
,,,,,,,,,,,,,,,,,,,,,,,1:00,,,,Contessa Valentina de Fontaine,Female,Caucasian
,,,,,,,,,,,,,,,,,,,,,,,,22:00,,,Xu Xialing,Female,Asian
,,,,,,,,,,,,,,,,,,,,,,,,7:45,,,Ying Nan,Female,Asian
,,,,,,,,,,,,,,,,,,,,,,,,6:30,,,Ying Li,Female,Asian
,,,,,,,,,,,,,,,,,,,,,,,,6:00,,,Razor Fist,Male,Asian
,,,,,,,,,,,,,,,,,,,,,,,,5:15,,,Morris,Male,Alien
,,,,,,,,,,,,,,,,,,,,,,,,4:15,,,The Great Protector,Male,Asian
,,,,,,,,,,,,,,,,,,,,,,,,3:45,,,The Dweller in Darkness,Male,Alien
,,,,,,,,,,,,,,,,,,,,,,,,2:30,,,John,Male,Caucasian
,,,,,,,,,,,,,,,,,,,,,,,,2:30,,,Jon Jon,Male,Black
,,,,,,,,,,,,,,,,,,,,,,,,2:15,,,Death Dealer,Female,Asian
,,,,,,,,,,,,,,,,,,,,,,,,1:45,,,Master Guang Bo,Male,Asian
,,,,,,,,,,,,,,,,,,,,,,,,,46:15:00,,Sersi,Female,Eternal
,,,,,,,,,,,,,,,,,,,,,,,,,34:30:00,,Ikaris,Male,Alien
,,,,,,,,,,,,,,,,,,,,,,,,,19:15,,Thena,Female,Alien
,,,,,,,,,,,,,,,,,,,,,,,,,17:30,,Sprite,Female,Alien
,,,,,,,,,,,,,,,,,,,,,,,,,15:15,,Kingo,Male,Asian
,,,,,,,,,,,,,,,,,,,,,,,,,15:15,,Phastos,Male,Asian
,,,,,,,,,,,,,,,,,,,,,,,,,11:15,,Druig,Male,Middle Eastern
,,,,,,,,,,,,,,,,,,,,,,,,,10:30,,Ajak,Male,Alien
,,,,,,,,,,,,,,,,,,,,,,,,,10:00,,Makkari,Female,Alien
,,,,,,,,,,,,,,,,,,,,,,,,,9:15,,Gilgamesh,Male,Asian
,,,,,,,,,,,,,,,,,,,,,,,,,8:45,,Dane Whitman,Male,Caucasian
,,,,,,,,,,,,,,,,,,,,,,,,,7:00,,Kro,Female,Alien
,,,,,,,,,,,,,,,,,,,,,,,,,6:00,,Karun,Male,Asian
,,,,,,,,,,,,,,,,,,,,,,,,,3:00,,Tiamut,Male,Alien
,,,,,,,,,,,,,,,,,,,,,,,,,2:00,,Jack,Male,Caucasian
,,,,,,,,,,,,,,,,,,,,,,,,,1:45,,Arishem,Male,Alien
,,,,,,,,,,,,,,,,,,,,,,,,,1:00,,Pip the Troll,Male,Alien
,,,,,,,,,,,,,,,,,,,,,,,,,:45,,Starfox,Male,Alien
,,,,,,,,,,,,,,,,,,,,,,,,,,27:15:00,"Michelle ""MJ"" Jones Watson",Female,Black
,,,,,,,,,,,,,,,,,,,,,,,,,,9:15,Green Goblin,Male,Caucasian
,,,,,,,,,,,,,,,,,,,,,,,,,,9:15,Doctor Octopus,Male,Caucasian
,,,,,,,,,,,,,,,,,,,,,,,,,,7:15,Electro,Male,Black
,,,,,,,,,,,,,,,,,,,,,,,,,,3:30,Sandman,Male,Black
,,,,,,,,,,,,,,,,,,,,,,,,,,3:15,Lizard,Male,Hispanic
,,,,,,,,,,,,,,,,,,,,,,,,,,1:30,Eddie Brock,Male,Caucasian
